scale_factor;engine;query;cache_mode;run_index;elapsed_ms;record_count
SF1;fuseki;Q01;warm;1;91,760;1
SF1;fuseki;Q01;warm;2;229,551;1
SF1;fuseki;Q01;warm;3;621,926;1
SF1;fuseki;Q01;warm;4;50,984;1
SF1;fuseki;Q01;warm;5;47,570;1
SF1;fuseki;Q01;warm;6;47,234;1
SF1;fuseki;Q01;warm;7;69,177;1
SF1;fuseki;Q01;warm;8;124,682;1
SF1;fuseki;Q01;warm;9;48,411;1
SF1;fuseki;Q01;warm;10;152,713;1
SF1;fuseki;Q01;warm;11;51,212;1
SF1;fuseki;Q01;warm;12;73,402;1
SF1;fuseki;Q01;warm;13;39,693;1
SF1;fuseki;Q01;warm;14;62,417;1
SF1;fuseki;Q01;warm;15;97,886;1
SF1;fuseki;Q01;warm;16;43,928;1
SF1;fuseki;Q01;warm;17;48,074;1
SF1;fuseki;Q01;warm;18;71,975;1
SF1;fuseki;Q01;warm;19;58,659;1
SF1;fuseki;Q01;warm;20;81,314;1
SF1;fuseki;Q01;warm;21;72,626;1
SF1;fuseki;Q01;warm;22;53,941;1
SF1;fuseki;Q01;warm;23;53,074;1
SF1;fuseki;Q01;warm;24;94,859;1
SF1;fuseki;Q01;warm;25;46,601;1
SF1;fuseki;Q01;warm;26;56,648;1
SF1;fuseki;Q01;warm;27;53,000;1
SF1;fuseki;Q01;warm;28;448,178;1
SF1;fuseki;Q01;warm;29;39,514;1
SF1;fuseki;Q01;warm;30;40,094;1
SF1;neo4j;Q01;warm;1;18,235;1
SF1;neo4j;Q01;warm;2;5,755;1
SF1;neo4j;Q01;warm;3;5,329;1
SF1;neo4j;Q01;warm;4;6,031;1
SF1;neo4j;Q01;warm;5;4,176;1
SF1;neo4j;Q01;warm;6;38,587;1
SF1;neo4j;Q01;warm;7;2,656;1
SF1;neo4j;Q01;warm;8;2,647;1
SF1;neo4j;Q01;warm;9;2,545;1
SF1;neo4j;Q01;warm;10;4,198;1
SF1;neo4j;Q01;warm;11;3,338;1
SF1;neo4j;Q01;warm;12;3,290;1
SF1;neo4j;Q01;warm;13;2,814;1
SF1;neo4j;Q01;warm;14;2,742;1
SF1;neo4j;Q01;warm;15;6,440;1
SF1;neo4j;Q01;warm;16;4,248;1
SF1;neo4j;Q01;warm;17;2,604;1
SF1;neo4j;Q01;warm;18;17,921;1
SF1;neo4j;Q01;warm;19;5,044;1
SF1;neo4j;Q01;warm;20;2,985;1
SF1;neo4j;Q01;warm;21;2,763;1
SF1;neo4j;Q01;warm;22;127,115;1
SF1;neo4j;Q01;warm;23;18,297;1
SF1;neo4j;Q01;warm;24;3,388;1
SF1;neo4j;Q01;warm;25;3,474;1
SF1;neo4j;Q01;warm;26;3,100;1
SF1;neo4j;Q01;warm;27;4,388;1
SF1;neo4j;Q01;warm;28;3,783;1
SF1;neo4j;Q01;warm;29;4,560;1
SF1;neo4j;Q01;warm;30;3,066;1
SF1;gql;Q01;warm;1;3,059;1
SF1;gql;Q01;warm;2;4,061;1
SF1;gql;Q01;warm;3;113,316;1
SF1;gql;Q01;warm;4;3,746;1
SF1;gql;Q01;warm;5;4,191;1
SF1;gql;Q01;warm;6;3,391;1
SF1;gql;Q01;warm;7;5,115;1
SF1;gql;Q01;warm;8;3,739;1
SF1;gql;Q01;warm;9;3,279;1
SF1;gql;Q01;warm;10;3,687;1
SF1;gql;Q01;warm;11;4,311;1
SF1;gql;Q01;warm;12;5,012;1
SF1;gql;Q01;warm;13;4,235;1
SF1;gql;Q01;warm;14;4,932;1
SF1;gql;Q01;warm;15;5,574;1
SF1;gql;Q01;warm;16;24,492;1
SF1;gql;Q01;warm;17;4,645;1
SF1;gql;Q01;warm;18;3,994;1
SF1;gql;Q01;warm;19;2,925;1
SF1;gql;Q01;warm;20;3,540;1
SF1;gql;Q01;warm;21;3,684;1
SF1;gql;Q01;warm;22;43,321;1
SF1;gql;Q01;warm;23;3,066;1
SF1;gql;Q01;warm;24;3,121;1
SF1;gql;Q01;warm;25;3,778;1
SF1;gql;Q01;warm;26;3,468;1
SF1;gql;Q01;warm;27;3,428;1
SF1;gql;Q01;warm;28;3,329;1
SF1;gql;Q01;warm;29;3,666;1
SF1;gql;Q01;warm;30;4,496;1
SF1;fuseki;Q02;warm;1;68235,166;2
SF1;fuseki;Q02;warm;2;65679,339;2
SF1;fuseki;Q02;warm;3;64839,588;2
SF1;fuseki;Q02;warm;4;64730,472;2
SF1;fuseki;Q02;warm;5;63525,342;2
SF1;fuseki;Q02;warm;6;60901,768;2
SF1;fuseki;Q02;warm;7;57510,619;2
SF1;fuseki;Q02;warm;8;59418,669;2
SF1;fuseki;Q02;warm;9;57929,388;2
SF1;fuseki;Q02;warm;10;60572,564;2
SF1;fuseki;Q02;warm;11;63716,779;2
SF1;fuseki;Q02;warm;12;70731,808;2
SF1;fuseki;Q02;warm;13;63099,334;2
SF1;fuseki;Q02;warm;14;62714,365;2
SF1;fuseki;Q02;warm;15;62391,556;2
SF1;fuseki;Q02;warm;16;60352,071;2
SF1;fuseki;Q02;warm;17;60845,755;2
SF1;fuseki;Q02;warm;18;58442,385;2
SF1;fuseki;Q02;warm;19;58895,539;2
SF1;fuseki;Q02;warm;20;58844,802;2
SF1;fuseki;Q02;warm;21;58395,328;2
SF1;fuseki;Q02;warm;22;58547,392;2
SF1;fuseki;Q02;warm;23;59011,098;2
SF1;fuseki;Q02;warm;24;63823,246;2
SF1;fuseki;Q02;warm;25;64174,177;2
SF1;fuseki;Q02;warm;26;62979,556;2
SF1;fuseki;Q02;warm;27;63684,654;2
SF1;fuseki;Q02;warm;28;61543,416;2
SF1;fuseki;Q02;warm;29;59598,030;2
SF1;fuseki;Q02;warm;30;64814,071;2
SF1;neo4j;Q02;warm;1;143,597;2
SF1;neo4j;Q02;warm;2;61,904;2
SF1;neo4j;Q02;warm;3;83,344;2
SF1;neo4j;Q02;warm;4;84,254;2
SF1;neo4j;Q02;warm;5;76,597;2
SF1;neo4j;Q02;warm;6;92,360;2
SF1;neo4j;Q02;warm;7;65,738;2
SF1;neo4j;Q02;warm;8;103,805;2
SF1;neo4j;Q02;warm;9;63,216;2
SF1;neo4j;Q02;warm;10;72,181;2
SF1;neo4j;Q02;warm;11;67,902;2
SF1;neo4j;Q02;warm;12;67,936;2
SF1;neo4j;Q02;warm;13;70,923;2
SF1;neo4j;Q02;warm;14;66,650;2
SF1;neo4j;Q02;warm;15;63,596;2
SF1;neo4j;Q02;warm;16;72,915;2
SF1;neo4j;Q02;warm;17;92,859;2
SF1;neo4j;Q02;warm;18;77,277;2
SF1;neo4j;Q02;warm;19;112,606;2
SF1;neo4j;Q02;warm;20;83,643;2
SF1;neo4j;Q02;warm;21;66,488;2
SF1;neo4j;Q02;warm;22;274,735;2
SF1;neo4j;Q02;warm;23;71,958;2
SF1;neo4j;Q02;warm;24;75,389;2
SF1;neo4j;Q02;warm;25;76,702;2
SF1;neo4j;Q02;warm;26;258,327;2
SF1;neo4j;Q02;warm;27;61,472;2
SF1;neo4j;Q02;warm;28;65,142;2
SF1;neo4j;Q02;warm;29;68,512;2
SF1;neo4j;Q02;warm;30;66,880;2
SF1;gql;Q02;warm;1;64,391;2
SF1;gql;Q02;warm;2;64,683;2
SF1;gql;Q02;warm;3;63,733;2
SF1;gql;Q02;warm;4;61,727;2
SF1;gql;Q02;warm;5;58,428;2
SF1;gql;Q02;warm;6;67,571;2
SF1;gql;Q02;warm;7;64,599;2
SF1;gql;Q02;warm;8;64,966;2
SF1;gql;Q02;warm;9;65,690;2
SF1;gql;Q02;warm;10;69,689;2
SF1;gql;Q02;warm;11;69,926;2
SF1;gql;Q02;warm;12;71,021;2
SF1;gql;Q02;warm;13;69,565;2
SF1;gql;Q02;warm;14;63,345;2
SF1;gql;Q02;warm;15;71,455;2
SF1;gql;Q02;warm;16;68,785;2
SF1;gql;Q02;warm;17;65,915;2
SF1;gql;Q02;warm;18;64,246;2
SF1;gql;Q02;warm;19;84,654;2
SF1;gql;Q02;warm;20;64,645;2
SF1;gql;Q02;warm;21;67,493;2
SF1;gql;Q02;warm;22;63,660;2
SF1;gql;Q02;warm;23;67,842;2
SF1;gql;Q02;warm;24;68,496;2
SF1;gql;Q02;warm;25;107,121;2
SF1;gql;Q02;warm;26;64,926;2
SF1;gql;Q02;warm;27;103,748;2
SF1;gql;Q02;warm;28;88,080;2
SF1;gql;Q02;warm;29;60,843;2
SF1;gql;Q02;warm;30;71,120;2
SF1;fuseki;Q03;warm;1;1375,832;10
SF1;fuseki;Q03;warm;2;3888,704;10
SF1;fuseki;Q03;warm;3;2516,864;10
SF1;fuseki;Q03;warm;4;2283,039;10
SF1;fuseki;Q03;warm;5;1145,414;10
SF1;fuseki;Q03;warm;6;1139,850;10
SF1;fuseki;Q03;warm;7;1751,715;10
SF1;fuseki;Q03;warm;8;2507,410;10
SF1;fuseki;Q03;warm;9;1621,581;10
SF1;fuseki;Q03;warm;10;1406,242;10
SF1;fuseki;Q03;warm;11;1329,495;10
SF1;fuseki;Q03;warm;12;1210,549;10
SF1;fuseki;Q03;warm;13;1431,432;10
SF1;fuseki;Q03;warm;14;1547,581;10
SF1;fuseki;Q03;warm;15;1348,874;10
SF1;fuseki;Q03;warm;16;1401,390;10
SF1;fuseki;Q03;warm;17;1223,425;10
SF1;fuseki;Q03;warm;18;1108,474;10
SF1;fuseki;Q03;warm;19;1101,994;10
SF1;fuseki;Q03;warm;20;1107,581;10
SF1;fuseki;Q03;warm;21;1123,776;10
SF1;fuseki;Q03;warm;22;1093,145;10
SF1;fuseki;Q03;warm;23;1159,475;10
SF1;fuseki;Q03;warm;24;1128,781;10
SF1;fuseki;Q03;warm;25;1146,484;10
SF1;fuseki;Q03;warm;26;1138,724;10
SF1;fuseki;Q03;warm;27;1182,567;10
SF1;fuseki;Q03;warm;28;1365,862;10
SF1;fuseki;Q03;warm;29;1264,614;10
SF1;fuseki;Q03;warm;30;1209,290;10
SF1;neo4j;Q03;warm;1;313,729;10
SF1;neo4j;Q03;warm;2;334,601;10
SF1;neo4j;Q03;warm;3;203,856;10
SF1;neo4j;Q03;warm;4;462,524;10
SF1;neo4j;Q03;warm;5;183,834;10
SF1;neo4j;Q03;warm;6;148,512;10
SF1;neo4j;Q03;warm;7;157,377;10
SF1;neo4j;Q03;warm;8;109,932;10
SF1;neo4j;Q03;warm;9;415,705;10
SF1;neo4j;Q03;warm;10;4892,253;10
SF1;neo4j;Q03;warm;11;149,651;10
SF1;neo4j;Q03;warm;12;111,125;10
SF1;neo4j;Q03;warm;13;447,595;10
SF1;neo4j;Q03;warm;14;2102,352;10
SF1;neo4j;Q03;warm;15;94,362;10
SF1;neo4j;Q03;warm;16;93,355;10
SF1;neo4j;Q03;warm;17;130,353;10
SF1;neo4j;Q03;warm;18;85,135;10
SF1;neo4j;Q03;warm;19;93,794;10
SF1;neo4j;Q03;warm;20;692,670;10
SF1;neo4j;Q03;warm;21;119,293;10
SF1;neo4j;Q03;warm;22;148,535;10
SF1;neo4j;Q03;warm;23;95,571;10
SF1;neo4j;Q03;warm;24;90,184;10
SF1;neo4j;Q03;warm;25;121,221;10
SF1;neo4j;Q03;warm;26;158,143;10
SF1;neo4j;Q03;warm;27;88,736;10
SF1;neo4j;Q03;warm;28;108,983;10
SF1;neo4j;Q03;warm;29;85,503;10
SF1;neo4j;Q03;warm;30;420,410;10
SF1;gql;Q03;warm;1;99,595;10
SF1;gql;Q03;warm;2;101,643;10
SF1;gql;Q03;warm;3;101,961;10
SF1;gql;Q03;warm;4;374,664;10
SF1;gql;Q03;warm;5;632,064;10
SF1;gql;Q03;warm;6;120,772;10
SF1;gql;Q03;warm;7;91,597;10
SF1;gql;Q03;warm;8;86,809;10
SF1;gql;Q03;warm;9;89,206;10
SF1;gql;Q03;warm;10;92,507;10
SF1;gql;Q03;warm;11;110,619;10
SF1;gql;Q03;warm;12;101,795;10
SF1;gql;Q03;warm;13;496,085;10
SF1;gql;Q03;warm;14;950,332;10
SF1;gql;Q03;warm;15;807,815;10
SF1;gql;Q03;warm;16;1658,526;10
SF1;gql;Q03;warm;17;2834,185;10
SF1;gql;Q03;warm;18;824,844;10
SF1;gql;Q03;warm;19;620,234;10
SF1;gql;Q03;warm;20;1127,960;10
SF1;gql;Q03;warm;21;273,235;10
SF1;gql;Q03;warm;22;487,076;10
SF1;gql;Q03;warm;23;100,448;10
SF1;gql;Q03;warm;24;93,145;10
SF1;gql;Q03;warm;25;97,711;10
SF1;gql;Q03;warm;26;115,250;10
SF1;gql;Q03;warm;27;151,224;10
SF1;gql;Q03;warm;28;148,738;10
SF1;gql;Q03;warm;29;125,265;10
SF1;gql;Q03;warm;30;212,753;10
SF1;fuseki;Q04;warm;1;156,322;10
SF1;fuseki;Q04;warm;2;92,323;10
SF1;fuseki;Q04;warm;3;90,488;10
SF1;fuseki;Q04;warm;4;112,730;10
SF1;fuseki;Q04;warm;5;115,137;10
SF1;fuseki;Q04;warm;6;86,261;10
SF1;fuseki;Q04;warm;7;91,095;10
SF1;fuseki;Q04;warm;8;173,382;10
SF1;fuseki;Q04;warm;9;81,985;10
SF1;fuseki;Q04;warm;10;85,950;10
SF1;fuseki;Q04;warm;11;89,744;10
SF1;fuseki;Q04;warm;12;88,911;10
SF1;fuseki;Q04;warm;13;91,884;10
SF1;fuseki;Q04;warm;14;86,457;10
SF1;fuseki;Q04;warm;15;84,914;10
SF1;fuseki;Q04;warm;16;77,589;10
SF1;fuseki;Q04;warm;17;75,922;10
SF1;fuseki;Q04;warm;18;72,375;10
SF1;fuseki;Q04;warm;19;71,551;10
SF1;fuseki;Q04;warm;20;71,658;10
SF1;fuseki;Q04;warm;21;71,491;10
SF1;fuseki;Q04;warm;22;70,755;10
SF1;fuseki;Q04;warm;23;73,578;10
SF1;fuseki;Q04;warm;24;71,686;10
SF1;fuseki;Q04;warm;25;72,787;10
SF1;fuseki;Q04;warm;26;694,517;10
SF1;fuseki;Q04;warm;27;73,569;10
SF1;fuseki;Q04;warm;28;74,358;10
SF1;fuseki;Q04;warm;29;71,288;10
SF1;fuseki;Q04;warm;30;641,856;10
SF1;neo4j;Q04;warm;1;12,294;10
SF1;neo4j;Q04;warm;2;16,045;10
SF1;neo4j;Q04;warm;3;12,758;10
SF1;neo4j;Q04;warm;4;174,051;10
SF1;neo4j;Q04;warm;5;11,507;10
SF1;neo4j;Q04;warm;6;51,011;10
SF1;neo4j;Q04;warm;7;9,854;10
SF1;neo4j;Q04;warm;8;9,898;10
SF1;neo4j;Q04;warm;9;11,007;10
SF1;neo4j;Q04;warm;10;10,437;10
SF1;neo4j;Q04;warm;11;9,344;10
SF1;neo4j;Q04;warm;12;10,392;10
SF1;neo4j;Q04;warm;13;9,572;10
SF1;neo4j;Q04;warm;14;11,341;10
SF1;neo4j;Q04;warm;15;22,575;10
SF1;neo4j;Q04;warm;16;11,113;10
SF1;neo4j;Q04;warm;17;10,525;10
SF1;neo4j;Q04;warm;18;219,563;10
SF1;neo4j;Q04;warm;19;10,289;10
SF1;neo4j;Q04;warm;20;14,187;10
SF1;neo4j;Q04;warm;21;9,679;10
SF1;neo4j;Q04;warm;22;11,328;10
SF1;neo4j;Q04;warm;23;9,365;10
SF1;neo4j;Q04;warm;24;9,752;10
SF1;neo4j;Q04;warm;25;10,513;10
SF1;neo4j;Q04;warm;26;9,962;10
SF1;neo4j;Q04;warm;27;72,809;10
SF1;neo4j;Q04;warm;28;9,664;10
SF1;neo4j;Q04;warm;29;10,065;10
SF1;neo4j;Q04;warm;30;12,454;10
SF1;gql;Q04;warm;1;8,359;10
SF1;gql;Q04;warm;2;8,287;10
SF1;gql;Q04;warm;3;8,956;10
SF1;gql;Q04;warm;4;8,345;10
SF1;gql;Q04;warm;5;9,835;10
SF1;gql;Q04;warm;6;10,038;10
SF1;gql;Q04;warm;7;8,313;10
SF1;gql;Q04;warm;8;8,959;10
SF1;gql;Q04;warm;9;8,735;10
SF1;gql;Q04;warm;10;8,863;10
SF1;gql;Q04;warm;11;8,328;10
SF1;gql;Q04;warm;12;9,453;10
SF1;gql;Q04;warm;13;9,321;10
SF1;gql;Q04;warm;14;9,060;10
SF1;gql;Q04;warm;15;8,962;10
SF1;gql;Q04;warm;16;8,140;10
SF1;gql;Q04;warm;17;9,580;10
SF1;gql;Q04;warm;18;16,981;10
SF1;gql;Q04;warm;19;8,409;10
SF1;gql;Q04;warm;20;10,355;10
SF1;gql;Q04;warm;21;8,778;10
SF1;gql;Q04;warm;22;7,869;10
SF1;gql;Q04;warm;23;10,328;10
SF1;gql;Q04;warm;24;10,226;10
SF1;gql;Q04;warm;25;8,660;10
SF1;gql;Q04;warm;26;10,668;10
SF1;gql;Q04;warm;27;8,236;10
SF1;gql;Q04;warm;28;13,422;10
SF1;gql;Q04;warm;29;11,567;10
SF1;gql;Q04;warm;30;8,769;10
SF1;fuseki;Q05;warm;1;750,552;10
SF1;fuseki;Q05;warm;2;756,179;10
SF1;fuseki;Q05;warm;3;755,262;10
SF1;fuseki;Q05;warm;4;781,134;10
SF1;fuseki;Q05;warm;5;782,589;10
SF1;fuseki;Q05;warm;6;745,856;10
SF1;fuseki;Q05;warm;7;738,564;10
SF1;fuseki;Q05;warm;8;752,309;10
SF1;fuseki;Q05;warm;9;733,058;10
SF1;fuseki;Q05;warm;10;748,660;10
SF1;fuseki;Q05;warm;11;741,827;10
SF1;fuseki;Q05;warm;12;823,605;10
SF1;fuseki;Q05;warm;13;746,899;10
SF1;fuseki;Q05;warm;14;813,018;10
SF1;fuseki;Q05;warm;15;751,073;10
SF1;fuseki;Q05;warm;16;750,677;10
SF1;fuseki;Q05;warm;17;742,142;10
SF1;fuseki;Q05;warm;18;786,636;10
SF1;fuseki;Q05;warm;19;779,682;10
SF1;fuseki;Q05;warm;20;838,890;10
SF1;fuseki;Q05;warm;21;745,635;10
SF1;fuseki;Q05;warm;22;737,172;10
SF1;fuseki;Q05;warm;23;781,270;10
SF1;fuseki;Q05;warm;24;804,101;10
SF1;fuseki;Q05;warm;25;763,346;10
SF1;fuseki;Q05;warm;26;749,247;10
SF1;fuseki;Q05;warm;27;796,479;10
SF1;fuseki;Q05;warm;28;742,029;10
SF1;fuseki;Q05;warm;29;754,511;10
SF1;fuseki;Q05;warm;30;740,307;10
SF1;neo4j;Q05;warm;1;99,890;10
SF1;neo4j;Q05;warm;2;102,354;10
SF1;neo4j;Q05;warm;3;77,459;10
SF1;neo4j;Q05;warm;4;69,730;10
SF1;neo4j;Q05;warm;5;67,449;10
SF1;neo4j;Q05;warm;6;69,153;10
SF1;neo4j;Q05;warm;7;69,639;10
SF1;neo4j;Q05;warm;8;64,668;10
SF1;neo4j;Q05;warm;9;63,291;10
SF1;neo4j;Q05;warm;10;63,223;10
SF1;neo4j;Q05;warm;11;67,598;10
SF1;neo4j;Q05;warm;12;63,901;10
SF1;neo4j;Q05;warm;13;73,643;10
SF1;neo4j;Q05;warm;14;64,446;10
SF1;neo4j;Q05;warm;15;64,663;10
SF1;neo4j;Q05;warm;16;73,478;10
SF1;neo4j;Q05;warm;17;141,894;10
SF1;neo4j;Q05;warm;18;65,575;10
SF1;neo4j;Q05;warm;19;115,826;10
SF1;neo4j;Q05;warm;20;67,963;10
SF1;neo4j;Q05;warm;21;75,435;10
SF1;neo4j;Q05;warm;22;67,819;10
SF1;neo4j;Q05;warm;23;64,535;10
SF1;neo4j;Q05;warm;24;104,615;10
SF1;neo4j;Q05;warm;25;625,043;10
SF1;neo4j;Q05;warm;26;71,912;10
SF1;neo4j;Q05;warm;27;97,401;10
SF1;neo4j;Q05;warm;28;69,508;10
SF1;neo4j;Q05;warm;29;69,498;10
SF1;neo4j;Q05;warm;30;68,754;10
SF1;gql;Q05;warm;1;66,740;10
SF1;gql;Q05;warm;2;66,342;10
SF1;gql;Q05;warm;3;65,569;10
SF1;gql;Q05;warm;4;67,608;10
SF1;gql;Q05;warm;5;66,181;10
SF1;gql;Q05;warm;6;138,932;10
SF1;gql;Q05;warm;7;70,749;10
SF1;gql;Q05;warm;8;65,873;10
SF1;gql;Q05;warm;9;65,756;10
SF1;gql;Q05;warm;10;64,605;10
SF1;gql;Q05;warm;11;64,061;10
SF1;gql;Q05;warm;12;64,619;10
SF1;gql;Q05;warm;13;68,711;10
SF1;gql;Q05;warm;14;65,747;10
SF1;gql;Q05;warm;15;66,482;10
SF1;gql;Q05;warm;16;65,968;10
SF1;gql;Q05;warm;17;147,952;10
SF1;gql;Q05;warm;18;80,570;10
SF1;gql;Q05;warm;19;72,639;10
SF1;gql;Q05;warm;20;64,800;10
SF1;gql;Q05;warm;21;63,135;10
SF1;gql;Q05;warm;22;60,778;10
SF1;gql;Q05;warm;23;64,288;10
SF1;gql;Q05;warm;24;71,775;10
SF1;gql;Q05;warm;25;65,754;10
SF1;gql;Q05;warm;26;63,690;10
SF1;gql;Q05;warm;27;67,532;10
SF1;gql;Q05;warm;28;64,110;10
SF1;gql;Q05;warm;29;67,841;10
SF1;gql;Q05;warm;30;67,593;10
SF1;fuseki;Q06;warm;1;12852,612;10
SF1;fuseki;Q06;warm;2;12606,121;10
SF1;fuseki;Q06;warm;3;11980,701;10
SF1;fuseki;Q06;warm;4;11333,993;10
SF1;fuseki;Q06;warm;5;10644,469;10
SF1;fuseki;Q06;warm;6;10366,672;10
SF1;fuseki;Q06;warm;7;10169,361;10
SF1;fuseki;Q06;warm;8;10113,383;10
SF1;fuseki;Q06;warm;9;9231,137;10
SF1;fuseki;Q06;warm;10;8493,282;10
SF1;fuseki;Q06;warm;11;8022,506;10
SF1;fuseki;Q06;warm;12;8204,379;10
SF1;fuseki;Q06;warm;13;7974,550;10
SF1;fuseki;Q06;warm;14;7971,825;10
SF1;fuseki;Q06;warm;15;7911,770;10
SF1;fuseki;Q06;warm;16;8364,493;10
SF1;fuseki;Q06;warm;17;8060,861;10
SF1;fuseki;Q06;warm;18;8682,635;10
SF1;fuseki;Q06;warm;19;8011,806;10
SF1;fuseki;Q06;warm;20;8354,030;10
SF1;fuseki;Q06;warm;21;8021,302;10
SF1;fuseki;Q06;warm;22;8370,327;10
SF1;fuseki;Q06;warm;23;7820,481;10
SF1;fuseki;Q06;warm;24;8164,161;10
SF1;fuseki;Q06;warm;25;8099,307;10
SF1;fuseki;Q06;warm;26;8136,133;10
SF1;fuseki;Q06;warm;27;8413,862;10
SF1;fuseki;Q06;warm;28;8027,952;10
SF1;fuseki;Q06;warm;29;8117,739;10
SF1;fuseki;Q06;warm;30;8204,031;10
SF1;neo4j;Q06;warm;1;1377,621;10
SF1;neo4j;Q06;warm;2;1423,208;10
SF1;neo4j;Q06;warm;3;1411,896;10
SF1;neo4j;Q06;warm;4;1593,786;10
SF1;neo4j;Q06;warm;5;1282,229;10
SF1;neo4j;Q06;warm;6;1302,166;10
SF1;neo4j;Q06;warm;7;1301,202;10
SF1;neo4j;Q06;warm;8;1309,370;10
SF1;neo4j;Q06;warm;9;1700,518;10
SF1;neo4j;Q06;warm;10;1301,372;10
SF1;neo4j;Q06;warm;11;1349,450;10
SF1;neo4j;Q06;warm;12;1319,716;10
SF1;neo4j;Q06;warm;13;1305,153;10
SF1;neo4j;Q06;warm;14;1297,000;10
SF1;neo4j;Q06;warm;15;1344,328;10
SF1;neo4j;Q06;warm;16;1481,137;10
SF1;neo4j;Q06;warm;17;1304,717;10
SF1;neo4j;Q06;warm;18;1289,258;10
SF1;neo4j;Q06;warm;19;1297,019;10
SF1;neo4j;Q06;warm;20;1257,518;10
SF1;neo4j;Q06;warm;21;1231,386;10
SF1;neo4j;Q06;warm;22;1339,399;10
SF1;neo4j;Q06;warm;23;1340,444;10
SF1;neo4j;Q06;warm;24;1237,815;10
SF1;neo4j;Q06;warm;25;1273,680;10
SF1;neo4j;Q06;warm;26;1274,231;10
SF1;neo4j;Q06;warm;27;1268,251;10
SF1;neo4j;Q06;warm;28;1275,620;10
SF1;neo4j;Q06;warm;29;1351,735;10
SF1;neo4j;Q06;warm;30;1391,801;10
SF1;gql;Q06;warm;1;1237,852;10
SF1;gql;Q06;warm;2;1322,627;10
SF1;gql;Q06;warm;3;1275,282;10
SF1;gql;Q06;warm;4;1248,620;10
SF1;gql;Q06;warm;5;1249,920;10
SF1;gql;Q06;warm;6;1444,733;10
SF1;gql;Q06;warm;7;1249,670;10
SF1;gql;Q06;warm;8;1313,465;10
SF1;gql;Q06;warm;9;1334,102;10
SF1;gql;Q06;warm;10;1332,211;10
SF1;gql;Q06;warm;11;1248,310;10
SF1;gql;Q06;warm;12;1308,807;10
SF1;gql;Q06;warm;13;1282,567;10
SF1;gql;Q06;warm;14;1262,650;10
SF1;gql;Q06;warm;15;1233,788;10
SF1;gql;Q06;warm;16;1249,282;10
SF1;gql;Q06;warm;17;1301,465;10
SF1;gql;Q06;warm;18;1246,276;10
SF1;gql;Q06;warm;19;1265,323;10
SF1;gql;Q06;warm;20;1264,350;10
SF1;gql;Q06;warm;21;1268,771;10
SF1;gql;Q06;warm;22;1302,661;10
SF1;gql;Q06;warm;23;1290,148;10
SF1;gql;Q06;warm;24;1262,602;10
SF1;gql;Q06;warm;25;1264,016;10
SF1;gql;Q06;warm;26;1238,557;10
SF1;gql;Q06;warm;27;1300,751;10
SF1;gql;Q06;warm;28;1233,126;10
SF1;gql;Q06;warm;29;1227,102;10
SF1;gql;Q06;warm;30;1249,294;10
SF1;fuseki;Q07;warm;1;12920,245;10
SF1;fuseki;Q07;warm;2;12746,115;10
SF1;fuseki;Q07;warm;3;12777,894;10
SF1;fuseki;Q07;warm;4;12922,217;10
SF1;fuseki;Q07;warm;5;12752,680;10
SF1;fuseki;Q07;warm;6;13033,681;10
SF1;fuseki;Q07;warm;7;12968,735;10
SF1;fuseki;Q07;warm;8;12979,128;10
SF1;fuseki;Q07;warm;9;13038,119;10
SF1;fuseki;Q07;warm;10;12778,775;10
SF1;fuseki;Q07;warm;11;13024,094;10
SF1;fuseki;Q07;warm;12;12817,887;10
SF1;fuseki;Q07;warm;13;12965,749;10
SF1;fuseki;Q07;warm;14;13150,956;10
SF1;fuseki;Q07;warm;15;12796,139;10
SF1;fuseki;Q07;warm;16;12878,703;10
SF1;fuseki;Q07;warm;17;12791,629;10
SF1;fuseki;Q07;warm;18;13092,963;10
SF1;fuseki;Q07;warm;19;12777,220;10
SF1;fuseki;Q07;warm;20;13038,130;10
SF1;fuseki;Q07;warm;21;14325,395;10
SF1;fuseki;Q07;warm;22;14407,266;10
SF1;fuseki;Q07;warm;23;15581,092;10
SF1;fuseki;Q07;warm;24;12928,974;10
SF1;fuseki;Q07;warm;25;12884,286;10
SF1;fuseki;Q07;warm;26;12851,571;10
SF1;fuseki;Q07;warm;27;12933,488;10
SF1;fuseki;Q07;warm;28;12986,035;10
SF1;fuseki;Q07;warm;29;12907,636;10
SF1;fuseki;Q07;warm;30;12881,394;10
SF1;neo4j;Q07;warm;1;6,012;10
SF1;neo4j;Q07;warm;2;6,099;10
SF1;neo4j;Q07;warm;3;5,782;10
SF1;neo4j;Q07;warm;4;5,118;10
SF1;neo4j;Q07;warm;5;5,914;10
SF1;neo4j;Q07;warm;6;5,710;10
SF1;neo4j;Q07;warm;7;4,297;10
SF1;neo4j;Q07;warm;8;7,062;10
SF1;neo4j;Q07;warm;9;6,520;10
SF1;neo4j;Q07;warm;10;4,722;10
SF1;neo4j;Q07;warm;11;4,955;10
SF1;neo4j;Q07;warm;12;12,928;10
SF1;neo4j;Q07;warm;13;6,754;10
SF1;neo4j;Q07;warm;14;4,445;10
SF1;neo4j;Q07;warm;15;4,449;10
SF1;neo4j;Q07;warm;16;5,577;10
SF1;neo4j;Q07;warm;17;4,810;10
SF1;neo4j;Q07;warm;18;6,079;10
SF1;neo4j;Q07;warm;19;5,788;10
SF1;neo4j;Q07;warm;20;4,994;10
SF1;neo4j;Q07;warm;21;5,275;10
SF1;neo4j;Q07;warm;22;5,896;10
SF1;neo4j;Q07;warm;23;5,318;10
SF1;neo4j;Q07;warm;24;5,525;10
SF1;neo4j;Q07;warm;25;4,797;10
SF1;neo4j;Q07;warm;26;5,723;10
SF1;neo4j;Q07;warm;27;15,582;10
SF1;neo4j;Q07;warm;28;5,381;10
SF1;neo4j;Q07;warm;29;5,108;10
SF1;neo4j;Q07;warm;30;5,563;10
SF1;gql;Q07;warm;1;4,709;10
SF1;gql;Q07;warm;2;6,370;10
SF1;gql;Q07;warm;3;6,555;10
SF1;gql;Q07;warm;4;6,111;10
SF1;gql;Q07;warm;5;5,131;10
SF1;gql;Q07;warm;6;5,497;10
SF1;gql;Q07;warm;7;7,107;10
SF1;gql;Q07;warm;8;6,263;10
SF1;gql;Q07;warm;9;4,955;10
SF1;gql;Q07;warm;10;4,448;10
SF1;gql;Q07;warm;11;5,706;10
SF1;gql;Q07;warm;12;4,729;10
SF1;gql;Q07;warm;13;6,774;10
SF1;gql;Q07;warm;14;4,909;10
SF1;gql;Q07;warm;15;5,816;10
SF1;gql;Q07;warm;16;5,429;10
SF1;gql;Q07;warm;17;7,433;10
SF1;gql;Q07;warm;18;7,918;10
SF1;gql;Q07;warm;19;6,108;10
SF1;gql;Q07;warm;20;13,910;10
SF1;gql;Q07;warm;21;8,890;10
SF1;gql;Q07;warm;22;5,691;10
SF1;gql;Q07;warm;23;6,045;10
SF1;gql;Q07;warm;24;5,090;10
SF1;gql;Q07;warm;25;6,043;10
SF1;gql;Q07;warm;26;8,469;10
SF1;gql;Q07;warm;27;4,670;10
SF1;gql;Q07;warm;28;4,207;10
SF1;gql;Q07;warm;29;9,379;10
SF1;gql;Q07;warm;30;5,239;10
SF1;fuseki;Q08;warm;1;44972,965;10
SF1;fuseki;Q08;warm;2;45874,932;10
SF1;fuseki;Q08;warm;3;44689,960;10
SF1;fuseki;Q08;warm;4;45444,355;10
SF1;fuseki;Q08;warm;5;43946,982;10
SF1;fuseki;Q08;warm;6;49288,589;10
SF1;fuseki;Q08;warm;7;88801,266;10
SF1;fuseki;Q08;warm;8;72573,828;10
SF1;fuseki;Q08;warm;9;45087,354;10
SF1;fuseki;Q08;warm;10;45243,027;10
SF1;fuseki;Q08;warm;11;45291,231;10
SF1;fuseki;Q08;warm;12;45478,743;10
SF1;fuseki;Q08;warm;13;45526,759;10
SF1;fuseki;Q08;warm;14;46315,395;10
SF1;fuseki;Q08;warm;15;45903,945;10
SF1;fuseki;Q08;warm;16;46714,493;10
SF1;fuseki;Q08;warm;17;44776,344;10
SF1;fuseki;Q08;warm;18;45853,077;10
SF1;fuseki;Q08;warm;19;47428,361;10
SF1;fuseki;Q08;warm;20;46259,774;10
SF1;fuseki;Q08;warm;21;44854,739;10
SF1;fuseki;Q08;warm;22;45272,858;10
SF1;fuseki;Q08;warm;23;45030,995;10
SF1;fuseki;Q08;warm;24;46603,319;10
SF1;fuseki;Q08;warm;25;45848,197;10
SF1;fuseki;Q08;warm;26;44473,852;10
SF1;fuseki;Q08;warm;27;45905,713;10
SF1;fuseki;Q08;warm;28;48192,516;10
SF1;fuseki;Q08;warm;29;46813,975;10
SF1;fuseki;Q08;warm;30;66615,921;10
SF1;neo4j;Q08;warm;1;2321,814;10
SF1;neo4j;Q08;warm;2;2949,087;10
SF1;neo4j;Q08;warm;3;2172,746;10
SF1;neo4j;Q08;warm;4;2764,567;10
SF1;neo4j;Q08;warm;5;2717,994;10
SF1;neo4j;Q08;warm;6;2892,499;10
SF1;neo4j;Q08;warm;7;1935,187;10
SF1;neo4j;Q08;warm;8;2241,657;10
SF1;neo4j;Q08;warm;9;2469,000;10
SF1;neo4j;Q08;warm;10;2784,690;10
SF1;neo4j;Q08;warm;11;2913,050;10
SF1;neo4j;Q08;warm;12;2059,676;10
SF1;neo4j;Q08;warm;13;2364,001;10
SF1;neo4j;Q08;warm;14;2620,521;10
SF1;neo4j;Q08;warm;15;2949,640;10
SF1;neo4j;Q08;warm;16;2476,336;10
SF1;neo4j;Q08;warm;17;2160,508;10
SF1;neo4j;Q08;warm;18;2435,152;10
SF1;neo4j;Q08;warm;19;2825,745;10
SF1;neo4j;Q08;warm;20;2840,721;10
SF1;neo4j;Q08;warm;21;1998,673;10
SF1;neo4j;Q08;warm;22;2278,787;10
SF1;neo4j;Q08;warm;23;2695,695;10
SF1;neo4j;Q08;warm;24;2809,291;10
SF1;neo4j;Q08;warm;25;2521,639;10
SF1;neo4j;Q08;warm;26;2173,782;10
SF1;neo4j;Q08;warm;27;2507,698;10
SF1;neo4j;Q08;warm;28;2798,098;10
SF1;neo4j;Q08;warm;29;2898,523;10
SF1;neo4j;Q08;warm;30;1981,878;10
SF1;gql;Q08;warm;1;2564,134;10
SF1;gql;Q08;warm;2;2844,082;10
SF1;gql;Q08;warm;3;3049,262;10
SF1;gql;Q08;warm;4;2259,091;10
SF1;gql;Q08;warm;5;2465,878;10
SF1;gql;Q08;warm;6;2971,932;10
SF1;gql;Q08;warm;7;2934,945;10
SF1;gql;Q08;warm;8;2045,878;10
SF1;gql;Q08;warm;9;2338,646;10
SF1;gql;Q08;warm;10;2659,230;10
SF1;gql;Q08;warm;11;2863,552;10
SF1;gql;Q08;warm;12;3008,645;10
SF1;gql;Q08;warm;13;2225,396;10
SF1;gql;Q08;warm;14;2535,875;10
SF1;gql;Q08;warm;15;2779,390;10
SF1;gql;Q08;warm;16;2876,710;10
SF1;gql;Q08;warm;17;2147,188;10
SF1;gql;Q08;warm;18;2378,059;10
SF1;gql;Q08;warm;19;2577,385;10
SF1;gql;Q08;warm;20;2852,496;10
SF1;gql;Q08;warm;21;3314,834;10
SF1;gql;Q08;warm;22;2242,483;10
SF1;gql;Q08;warm;23;2472,384;10
SF1;gql;Q08;warm;24;2833,995;10
SF1;gql;Q08;warm;25;2849,973;10
SF1;gql;Q08;warm;26;2015,189;10
SF1;gql;Q08;warm;27;2247,921;10
SF1;gql;Q08;warm;28;2601,814;10
SF1;gql;Q08;warm;29;2870,664;10
SF1;gql;Q08;warm;30;2916,652;10
SF1;fuseki;Q09;warm;1;56083,596;10
SF1;fuseki;Q09;warm;2;57511,014;10
SF1;fuseki;Q09;warm;3;55391,350;10
SF1;fuseki;Q09;warm;4;55301,864;10
SF1;fuseki;Q09;warm;5;54974,396;10
SF1;fuseki;Q09;warm;6;56908,607;10
SF1;fuseki;Q09;warm;7;54897,282;10
SF1;fuseki;Q09;warm;8;55810,554;10
SF1;fuseki;Q09;warm;9;55194,269;10
SF1;fuseki;Q09;warm;10;56068,999;10
SF1;fuseki;Q09;warm;11;55506,655;10
SF1;fuseki;Q09;warm;12;55303,040;10
SF1;fuseki;Q09;warm;13;55520,794;10
SF1;fuseki;Q09;warm;14;55477,108;10
SF1;fuseki;Q09;warm;15;55104,480;10
SF1;fuseki;Q09;warm;16;55319,122;10
SF1;fuseki;Q09;warm;17;71868,150;10
SF1;fuseki;Q09;warm;18;66546,581;10
SF1;fuseki;Q09;warm;19;54985,153;10
SF1;fuseki;Q09;warm;20;54436,656;10
SF1;fuseki;Q09;warm;21;54655,199;10
SF1;fuseki;Q09;warm;22;55615,069;10
SF1;fuseki;Q09;warm;23;55164,450;10
SF1;fuseki;Q09;warm;24;55296,568;10
SF1;fuseki;Q09;warm;25;55928,718;10
SF1;fuseki;Q09;warm;26;56169,406;10
SF1;fuseki;Q09;warm;27;55936,305;10
SF1;fuseki;Q09;warm;28;55180,489;10
SF1;fuseki;Q09;warm;29;55129,341;10
SF1;fuseki;Q09;warm;30;54444,992;10
SF1;neo4j;Q09;warm;1;2038,406;10
SF1;neo4j;Q09;warm;2;1385,712;10
SF1;neo4j;Q09;warm;3;1376,346;10
SF1;neo4j;Q09;warm;4;1351,419;10
SF1;neo4j;Q09;warm;5;1428,484;10
SF1;neo4j;Q09;warm;6;1379,537;10
SF1;neo4j;Q09;warm;7;1355,910;10
SF1;neo4j;Q09;warm;8;1398,989;10
SF1;neo4j;Q09;warm;9;1274,051;10
SF1;neo4j;Q09;warm;10;1389,872;10
SF1;neo4j;Q09;warm;11;1361,933;10
SF1;neo4j;Q09;warm;12;1372,527;10
SF1;neo4j;Q09;warm;13;1318,666;10
SF1;neo4j;Q09;warm;14;1338,132;10
SF1;neo4j;Q09;warm;15;1471,341;10
SF1;neo4j;Q09;warm;16;1341,311;10
SF1;neo4j;Q09;warm;17;1326,545;10
SF1;neo4j;Q09;warm;18;1342,113;10
SF1;neo4j;Q09;warm;19;1341,345;10
SF1;neo4j;Q09;warm;20;1327,803;10
SF1;neo4j;Q09;warm;21;1382,613;10
SF1;neo4j;Q09;warm;22;1298,486;10
SF1;neo4j;Q09;warm;23;1341,330;10
SF1;neo4j;Q09;warm;24;1331,698;10
SF1;neo4j;Q09;warm;25;1325,253;10
SF1;neo4j;Q09;warm;26;1356,216;10
SF1;neo4j;Q09;warm;27;1394,120;10
SF1;neo4j;Q09;warm;28;1330,076;10
SF1;neo4j;Q09;warm;29;1386,684;10
SF1;neo4j;Q09;warm;30;1377,709;10
SF1;gql;Q09;warm;1;1368,391;10
SF1;gql;Q09;warm;2;1367,195;10
SF1;gql;Q09;warm;3;1313,643;10
SF1;gql;Q09;warm;4;1321,513;10
SF1;gql;Q09;warm;5;1359,018;10
SF1;gql;Q09;warm;6;1387,185;10
SF1;gql;Q09;warm;7;1353,665;10
SF1;gql;Q09;warm;8;1420,431;10
SF1;gql;Q09;warm;9;1422,749;10
SF1;gql;Q09;warm;10;1325,749;10
SF1;gql;Q09;warm;11;1319,880;10
SF1;gql;Q09;warm;12;1338,906;10
SF1;gql;Q09;warm;13;1316,431;10
SF1;gql;Q09;warm;14;1335,770;10
SF1;gql;Q09;warm;15;1344,928;10
SF1;gql;Q09;warm;16;1358,273;10
SF1;gql;Q09;warm;17;1359,405;10
SF1;gql;Q09;warm;18;1410,005;10
SF1;gql;Q09;warm;19;1366,166;10
SF1;gql;Q09;warm;20;1361,457;10
SF1;gql;Q09;warm;21;1326,851;10
SF1;gql;Q09;warm;22;1365,972;10
SF1;gql;Q09;warm;23;1374,973;10
SF1;gql;Q09;warm;24;1356,152;10
SF1;gql;Q09;warm;25;1372,890;10
SF1;gql;Q09;warm;26;2503,032;10
SF1;gql;Q09;warm;27;1366,092;10
SF1;gql;Q09;warm;28;1343,261;10
SF1;gql;Q09;warm;29;1350,582;10
SF1;gql;Q09;warm;30;1370,437;10
SF1;fuseki;Q10;warm;1;837,460;10
SF1;fuseki;Q10;warm;2;805,702;10
SF1;fuseki;Q10;warm;3;838,569;10
SF1;fuseki;Q10;warm;4;801,059;10
SF1;fuseki;Q10;warm;5;780,342;10
SF1;fuseki;Q10;warm;6;819,684;10
SF1;fuseki;Q10;warm;7;824,357;10
SF1;fuseki;Q10;warm;8;790,527;10
SF1;fuseki;Q10;warm;9;821,727;10
SF1;fuseki;Q10;warm;10;799,957;10
SF1;fuseki;Q10;warm;11;793,059;10
SF1;fuseki;Q10;warm;12;793,988;10
SF1;fuseki;Q10;warm;13;843,274;10
SF1;fuseki;Q10;warm;14;800,861;10
SF1;fuseki;Q10;warm;15;806,195;10
SF1;fuseki;Q10;warm;16;860,479;10
SF1;fuseki;Q10;warm;17;835,872;10
SF1;fuseki;Q10;warm;18;828,118;10
SF1;fuseki;Q10;warm;19;819,851;10
SF1;fuseki;Q10;warm;20;791,375;10
SF1;fuseki;Q10;warm;21;806,496;10
SF1;fuseki;Q10;warm;22;800,224;10
SF1;fuseki;Q10;warm;23;837,542;10
SF1;fuseki;Q10;warm;24;803,476;10
SF1;fuseki;Q10;warm;25;797,700;10
SF1;fuseki;Q10;warm;26;813,032;10
SF1;fuseki;Q10;warm;27;799,837;10
SF1;fuseki;Q10;warm;28;816,954;10
SF1;fuseki;Q10;warm;29;804,506;10
SF1;fuseki;Q10;warm;30;802,145;10
SF1;neo4j;Q10;warm;1;99,466;10
SF1;neo4j;Q10;warm;2;135,691;10
SF1;neo4j;Q10;warm;3;94,935;10
SF1;neo4j;Q10;warm;4;107,751;10
SF1;neo4j;Q10;warm;5;124,827;10
SF1;neo4j;Q10;warm;6;93,017;10
SF1;neo4j;Q10;warm;7;90,524;10
SF1;neo4j;Q10;warm;8;88,817;10
SF1;neo4j;Q10;warm;9;89,575;10
SF1;neo4j;Q10;warm;10;122,675;10
SF1;neo4j;Q10;warm;11;86,275;10
SF1;neo4j;Q10;warm;12;92,494;10
SF1;neo4j;Q10;warm;13;83,279;10
SF1;neo4j;Q10;warm;14;82,065;10
SF1;neo4j;Q10;warm;15;83,304;10
SF1;neo4j;Q10;warm;16;82,006;10
SF1;neo4j;Q10;warm;17;81,294;10
SF1;neo4j;Q10;warm;18;81,930;10
SF1;neo4j;Q10;warm;19;80,635;10
SF1;neo4j;Q10;warm;20;82,795;10
SF1;neo4j;Q10;warm;21;80,889;10
SF1;neo4j;Q10;warm;22;81,920;10
SF1;neo4j;Q10;warm;23;80,430;10
SF1;neo4j;Q10;warm;24;83,187;10
SF1;neo4j;Q10;warm;25;84,852;10
SF1;neo4j;Q10;warm;26;82,796;10
SF1;neo4j;Q10;warm;27;83,040;10
SF1;neo4j;Q10;warm;28;119,944;10
SF1;neo4j;Q10;warm;29;111,280;10
SF1;neo4j;Q10;warm;30;80,189;10
SF1;gql;Q10;warm;1;81,970;10
SF1;gql;Q10;warm;2;81,983;10
SF1;gql;Q10;warm;3;85,475;10
SF1;gql;Q10;warm;4;82,312;10
SF1;gql;Q10;warm;5;82,611;10
SF1;gql;Q10;warm;6;84,828;10
SF1;gql;Q10;warm;7;79,795;10
SF1;gql;Q10;warm;8;77,838;10
SF1;gql;Q10;warm;9;83,532;10
SF1;gql;Q10;warm;10;81,472;10
SF1;gql;Q10;warm;11;83,216;10
SF1;gql;Q10;warm;12;79,731;10
SF1;gql;Q10;warm;13;83,702;10
SF1;gql;Q10;warm;14;81,281;10
SF1;gql;Q10;warm;15;78,037;10
SF1;gql;Q10;warm;16;85,670;10
SF1;gql;Q10;warm;17;79,829;10
SF1;gql;Q10;warm;18;81,088;10
SF1;gql;Q10;warm;19;83,584;10
SF1;gql;Q10;warm;20;115,904;10
SF1;gql;Q10;warm;21;102,628;10
SF1;gql;Q10;warm;22;85,308;10
SF1;gql;Q10;warm;23;81,170;10
SF1;gql;Q10;warm;24;80,342;10
SF1;gql;Q10;warm;25;80,853;10
SF1;gql;Q10;warm;26;80,274;10
SF1;gql;Q10;warm;27;80,048;10
SF1;gql;Q10;warm;28;79,407;10
SF1;gql;Q10;warm;29;80,220;10
SF1;gql;Q10;warm;30;81,471;10
